rodada,adversario,competicao,local,gols_flamengo,gols_adversario
1,São Paulo,Brasileirao,fora,1,2
2,Internacional,Brasileirao,casa,1,1
3,Vitória,Brasileirao,fora,2,1
4,Mirassol,Brasileirao,casa,2,0
5,Cruzeiro,Brasileirao,casa,2,0
6,Botafogo,Brasileirao,fora,3,0
7,Remo,Brasileirao,casa,3,0
8,Corinthians,Brasileirao,fora,1,1
9,Bragantino,Brasileirao,fora,0,3
10,Santos,Brasileirao,casa,3,1
11,Fluminense,Brasileirao,fora,2,1
12,Bahia,Brasileirao,casa,2,0
13,Atlético-MG,Brasileirao,fora,4,0
14,Vasco,Brasileirao,casa,2,2
15,Grêmio,Brasileirao,fora,1,0
16,Athletico-PR,Brasileirao,fora,1,1
17,Palmeiras,Brasileirao,casa,0,3
18,Coritiba,Brasileirao,casa,3,0
19,Chapecoense,Brasileirao,fora,4,0
20,São Paulo,Brasileirao,casa,1,1
21,Internacional,Brasileirao,fora,1,1
22,Vitória,Brasileirao,casa,2,0
23,Mirassol,Brasileirao,fora,5,1
24,Cruzeiro,Brasileirao,fora,1,2
25,Botafogo,Brasileirao,casa,3,0
26,Remo,Brasileirao,fora,1,0
27,Corinthians,Brasileirao,casa,2,1
28,Bragantino,Brasileirao,casa,2,1